{"cameraMode":{"drawMode":0,"name":"Shaded","section":"Shading Mode"},"sceneLighting":true,"audioPlay":false,"sceneViewState":{"showFog":true,"showMaterialUpdate":false,"showSkybox":true,"showFlares":true,"showImageEffects":true,"showParticleSystems":true},"in2DMode":false,"pivot":{"x":-24.754180908203126,"y":29.024757385253908,"z":6.3992156982421879},"rotation":{"x":-0.03412870690226555,"y":0.19570516049861909,"z":-0.006815098226070404,"w":-0.9800450801849365},"size":122.61408233642578,"orthographic":false}