{"cameraMode":{"drawMode":0,"name":"Shaded","section":"Shading Mode"},"sceneLighting":false,"audioPlay":false,"sceneViewState":{"showFog":true,"showMaterialUpdate":false,"showSkybox":false,"showFlares":true,"showImageEffects":true,"showParticleSystems":true},"in2DMode":false,"pivot":{"x":0.0,"y":0.11301422864198685,"z":1.736567735671997},"rotation":{"x":0.15760833024978639,"y":-0.11231682449579239,"z":0.018048042431473733,"w":0.9809353947639465},"size":4.204399108886719,"orthographic":false}