{"cameraMode":{"drawMode":0,"name":"Shaded","section":"Shading Mode"},"sceneLighting":false,"audioPlay":false,"sceneViewState":{"showFog":true,"showMaterialUpdate":false,"showSkybox":false,"showFlares":true,"showImageEffects":true,"showParticleSystems":true},"in2DMode":false,"pivot":{"x":0.06560984253883362,"y":-0.015787988901138307,"z":1.7173676490783692},"rotation":{"x":0.14485682547092439,"y":-0.15954987704753877,"z":0.023676695302128793,"w":0.9762247800827026},"size":3.4001126289367677,"orthographic":false}