{"cameraMode":{"drawMode":0,"name":"Shaded","section":"Shading Mode"},"sceneLighting":false,"audioPlay":false,"sceneViewState":{"showFog":true,"showMaterialUpdate":false,"showSkybox":false,"showFlares":true,"showImageEffects":true,"showParticleSystems":true},"in2DMode":false,"pivot":{"x":-100.31521606445313,"y":-2.074965476989746,"z":-28.307268142700197},"rotation":{"x":0.243338942527771,"y":-0.1218324825167656,"z":0.03082781285047531,"w":0.9617747068405151},"size":9.16974925994873,"orthographic":false}