{"cameraMode":{"drawMode":0,"name":"Shaded","section":"Shading Mode"},"sceneLighting":false,"audioPlay":false,"sceneViewState":{"showFog":true,"showMaterialUpdate":false,"showSkybox":false,"showFlares":true,"showImageEffects":true,"showParticleSystems":true},"in2DMode":false,"pivot":{"x":0.0,"y":-0.15853047370910645,"z":1.700419306755066},"rotation":{"x":-0.022584304213523866,"y":0.9290041923522949,"z":-0.057496991008520129,"w":-0.3650053143501282},"size":37.16988754272461,"orthographic":false}