{"cameraMode":{"drawMode":0,"name":"Shaded","section":"Shading Mode"},"sceneLighting":false,"audioPlay":false,"sceneViewState":{"showFog":true,"showMaterialUpdate":false,"showSkybox":false,"showFlares":true,"showImageEffects":true,"showParticleSystems":true},"in2DMode":false,"pivot":{"x":0.4752635955810547,"y":-1.125758171081543,"z":-0.3813462257385254},"rotation":{"x":0.10552746057510376,"y":0.37741968035697939,"z":-0.0433049276471138,"w":0.9190506935119629},"size":45.60329055786133,"orthographic":false}