{"cameraMode":{"drawMode":0,"name":"Shaded","section":"Shading Mode"},"sceneLighting":false,"audioPlay":false,"sceneViewState":{"showFog":true,"showMaterialUpdate":false,"showSkybox":false,"showFlares":true,"showImageEffects":true,"showParticleSystems":true},"in2DMode":false,"pivot":{"x":0.011183386668562889,"y":0.02365492284297943,"z":0.006323995068669319},"rotation":{"x":-0.2480476200580597,"y":0.628827691078186,"z":-0.2219543159008026,"w":-0.7027695178985596},"size":0.05283093452453613,"orthographic":false}