{"cameraMode":{"drawMode":0,"name":"Shaded","section":"Shading Mode"},"sceneLighting":false,"audioPlay":false,"sceneViewState":{"showFog":true,"showMaterialUpdate":false,"showSkybox":false,"showFlares":true,"showImageEffects":true,"showParticleSystems":true},"in2DMode":false,"pivot":{"x":-1.4525299072265626,"y":-1.180436134338379,"z":-70.97048950195313},"rotation":{"x":0.08659825474023819,"y":0.6659916043281555,"z":0.07827833294868469,"w":-0.7367739081382752},"size":311.52996826171877,"orthographic":false}