{"cameraMode":{"drawMode":0,"name":"Shaded","section":"Shading Mode"},"sceneLighting":false,"audioPlay":false,"sceneViewState":{"showFog":true,"showMaterialUpdate":false,"showSkybox":false,"showFlares":true,"showImageEffects":true,"showParticleSystems":true},"in2DMode":false,"pivot":{"x":0.22266042232513429,"y":0.18348747491836549,"z":0.09652486443519592},"rotation":{"x":0.13091830909252168,"y":0.6183117628097534,"z":-0.10543625056743622,"w":0.7677468061447144},"size":2.7395999431610109,"orthographic":false}