{"cameraMode":{"drawMode":0,"name":"Shaded","section":"Shading Mode"},"sceneLighting":false,"audioPlay":false,"sceneViewState":{"showFog":true,"showMaterialUpdate":false,"showSkybox":false,"showFlares":true,"showImageEffects":true,"showParticleSystems":true},"in2DMode":false,"pivot":{"x":-9.137218475341797,"y":3.485869884490967,"z":-79.05272674560547},"rotation":{"x":0.10552746057510376,"y":0.37741968035697939,"z":-0.0433049276471138,"w":0.9190506935119629},"size":9.456576347351075,"orthographic":false}