{"cameraMode":{"drawMode":0,"name":"Shaded","section":"Shading Mode"},"sceneLighting":false,"audioPlay":false,"sceneViewState":{"showFog":true,"showMaterialUpdate":false,"showSkybox":false,"showFlares":true,"showImageEffects":true,"showParticleSystems":true},"in2DMode":false,"pivot":{"x":2.36181640625,"y":0.0925602912902832,"z":-115.45348358154297},"rotation":{"x":0.10552746057510376,"y":0.37741968035697939,"z":-0.0433049276471138,"w":0.9190506935119629},"size":41.59540557861328,"orthographic":false}