{"cameraMode":{"drawMode":0,"name":"Shaded","section":"Shading Mode"},"sceneLighting":false,"audioPlay":false,"sceneViewState":{"showFog":true,"showMaterialUpdate":false,"showSkybox":false,"showFlares":true,"showImageEffects":true,"showParticleSystems":true},"in2DMode":false,"pivot":{"x":-0.27635109424591067,"y":-0.005171686410903931,"z":-0.6789892911911011},"rotation":{"x":0.0762702152132988,"y":0.82149338722229,"z":-0.1130724847316742,"w":0.5537664890289307},"size":1.8000571727752686,"orthographic":false}