{"cameraMode":{"drawMode":0,"name":"Shaded","section":"Shading Mode"},"sceneLighting":false,"audioPlay":false,"sceneViewState":{"showFog":true,"showMaterialUpdate":false,"showSkybox":false,"showFlares":true,"showImageEffects":true,"showParticleSystems":true},"in2DMode":false,"pivot":{"x":-15.630000114440918,"y":-1.6699999570846558,"z":10.670000076293946},"rotation":{"x":-0.03068913146853447,"y":0.9171537756919861,"z":-0.07196207344532013,"w":-0.3908744156360626},"size":22.0,"orthographic":false}