{"cameraMode":{"drawMode":0,"name":"Shaded","section":"Shading Mode"},"sceneLighting":false,"audioPlay":false,"sceneViewState":{"showFog":true,"showMaterialUpdate":false,"showSkybox":false,"showFlares":true,"showImageEffects":true,"showParticleSystems":true},"in2DMode":false,"pivot":{"x":-0.05509448051452637,"y":0.32151922583580019,"z":-0.44147923588752749},"rotation":{"x":0.04478063806891441,"y":0.7727539539337158,"z":-0.054780639708042148,"w":0.6308378577232361},"size":2.3161096572875978,"orthographic":false}