{"cameraMode":{"drawMode":0,"name":"Shaded","section":"Shading Mode"},"sceneLighting":false,"audioPlay":false,"sceneViewState":{"showFog":true,"showMaterialUpdate":false,"showSkybox":false,"showFlares":true,"showImageEffects":true,"showParticleSystems":true},"in2DMode":false,"pivot":{"x":-0.18606317043304444,"y":0.9311231970787048,"z":-0.01686573028564453},"rotation":{"x":0.243338942527771,"y":-0.1218324825167656,"z":0.03082781285047531,"w":0.9617747068405151},"size":4.102824687957764,"orthographic":false}