{"cameraMode":{"drawMode":0,"name":"Shaded","section":"Shading Mode"},"sceneLighting":false,"audioPlay":false,"sceneViewState":{"showFog":true,"showMaterialUpdate":false,"showSkybox":false,"showFlares":true,"showImageEffects":true,"showParticleSystems":true},"in2DMode":false,"pivot":{"x":0.17533016204833985,"y":4.578897476196289,"z":0.21773815155029298},"rotation":{"x":0.16585110127925874,"y":0.047002289444208148,"z":-0.007908858358860016,"w":0.9850108623504639},"size":48.7750358581543,"orthographic":false}