{"cameraMode":{"drawMode":0,"name":"Shaded","section":"Shading Mode"},"sceneLighting":false,"audioPlay":false,"sceneViewState":{"showFog":true,"showMaterialUpdate":false,"showSkybox":false,"showFlares":true,"showImageEffects":true,"showParticleSystems":true},"in2DMode":false,"pivot":{"x":-0.025999993085861207,"y":0.5180000066757202,"z":0.20100000500679017},"rotation":{"x":0.007491003256291151,"y":-0.7006756663322449,"z":0.007357367780059576,"w":0.7134028077125549},"size":3.186183214187622,"orthographic":false}