{"cameraMode":{"drawMode":0,"name":"Shaded","section":"Shading Mode"},"sceneLighting":false,"audioPlay":false,"sceneViewState":{"showFog":true,"showMaterialUpdate":false,"showSkybox":false,"showFlares":true,"showImageEffects":true,"showParticleSystems":true},"in2DMode":false,"pivot":{"x":0.02140796184539795,"y":0.03146785497665405,"z":-0.12238383293151856},"rotation":{"x":0.243338942527771,"y":-0.1218324825167656,"z":0.03082781285047531,"w":0.9617747068405151},"size":6.1277947425842289,"orthographic":false}