{"cameraMode":{"drawMode":0,"name":"Shaded","section":"Shading Mode"},"sceneLighting":true,"audioPlay":false,"sceneViewState":{"showFog":true,"showMaterialUpdate":false,"showSkybox":false,"showFlares":true,"showImageEffects":true,"showParticleSystems":true},"in2DMode":false,"pivot":{"x":-71.310791015625,"y":44.68666458129883,"z":-83.16405487060547},"rotation":{"x":0.14174826443195344,"y":-0.1672607958316803,"z":0.024281898513436319,"w":0.9753912091255188},"size":235.93115234375,"orthographic":false}