{"cameraMode":{"drawMode":0,"name":"Shaded","section":"Shading Mode"},"sceneLighting":false,"audioPlay":false,"sceneViewState":{"showFog":true,"showMaterialUpdate":false,"showSkybox":false,"showFlares":true,"showImageEffects":true,"showParticleSystems":true},"in2DMode":false,"pivot":{"x":-11.195768356323243,"y":-0.015668779611587526,"z":-9.44137191772461},"rotation":{"x":0.243338942527771,"y":-0.1218324825167656,"z":0.03082781285047531,"w":0.9617747068405151},"size":7.175665855407715,"orthographic":false}