{"cameraMode":{"drawMode":0,"name":"Shaded","section":"Shading Mode"},"sceneLighting":true,"audioPlay":false,"sceneViewState":{"showFog":true,"showMaterialUpdate":false,"showSkybox":true,"showFlares":true,"showImageEffects":true,"showParticleSystems":true},"in2DMode":false,"pivot":{"x":5.464726448059082,"y":33.38783645629883,"z":12.654735565185547},"rotation":{"x":0.04460715875029564,"y":0.3367037773132324,"z":-0.015972906723618509,"w":0.9404218792915344},"size":67.37203979492188,"orthographic":false}