{"cameraMode":{"drawMode":0,"name":"Shaded","section":"Shading Mode"},"sceneLighting":false,"audioPlay":false,"sceneViewState":{"showFog":true,"showMaterialUpdate":false,"showSkybox":false,"showFlares":true,"showImageEffects":true,"showParticleSystems":true},"in2DMode":false,"pivot":{"x":0.019180119037628175,"y":0.8259186744689941,"z":-0.015964508056640626},"rotation":{"x":-0.19382059574127198,"y":0.6192940473556519,"z":-0.1614367961883545,"w":-0.7435418963432312},"size":4.013465404510498,"orthographic":false}