{"cameraMode":{"drawMode":0,"name":"Shaded","section":"Shading Mode"},"sceneLighting":false,"audioPlay":false,"sceneViewState":{"showFog":true,"showMaterialUpdate":false,"showSkybox":false,"showFlares":true,"showImageEffects":true,"showParticleSystems":true},"in2DMode":false,"pivot":{"x":0.06725502014160156,"y":0.08927671611309052,"z":0.25046083331108096},"rotation":{"x":0.0399739146232605,"y":-0.4024348556995392,"z":-0.0176034364849329,"w":-0.9144629836082459},"size":2.266556739807129,"orthographic":false}